datetime,open,high,low,close,volume,EMA_9,EMA_18,EMA_50,SMA_50,PDH,PDL,PD_EQ,PWH,PWL,PW_EQ,WH,WL,GD,RD,GSD,RSD
2026-02-26 03:00:00,5173.57,5198.455,5155.13,5191.5,114706.0,5191.5,5191.5,5191.5,,,,,,,,5198.455,5155.13,True,False,False,False
2026-02-26 07:00:00,5191.495,5205.64,5174.07,5198.365,102163.0,5192.873,5192.222631578947,5191.769215686275,,,,,,,,5205.64,5155.13,True,False,False,False
2026-02-26 11:00:00,5198.395,5199.82,5167.7,5186.49,106018.0,5191.596399999999,5191.6191966759,5191.562187620147,,,,,,,,5205.64,5155.13,True,False,False,False
2026-02-26 15:00:00,5186.485,5190.335,5157.87,5165.995,118221.0,5186.476119999999,5188.921912815278,5190.559552811514,,,,,,,,5205.64,5155.13,True,False,False,False
2026-02-26 19:00:00,5165.985,5192.955,5130.235,5167.345,294838.0,5182.649896,5186.650658834722,5189.649178191455,,,,,,,,5205.64,5130.235,True,False,False,False
2026-02-26 23:00:00,5167.49,5201.005,5160.53,5185.17,118770.0,5183.1539168,5186.494800010014,5189.4735241447315,,,,,,,,5205.64,5130.235,True,False,False,False
2026-02-27 03:00:00,5182.035,5195.03,5166.995,5194.41,79117.0,5185.405133440001,5187.3279789563285,5189.667111433173,,5205.64,5130.235,5167.9375,,,,5205.64,5130.235,True,False,False,False
2026-02-27 07:00:00,5194.47,5200.64,5173.59,5197.815,93606.0,5187.887106752001,5188.4318759082935,5189.98663647501,,5205.64,5130.235,5167.9375,,,,5205.64,5130.235,True,False,False,False
2026-02-27 11:00:00,5197.83,5199.47,5172.225,5176.11,88155.0,5185.531685401601,5187.134836338999,5189.44245465246,,5205.64,5130.235,5167.9375,,,,5205.64,5130.235,True,False,False,False
2026-02-27 15:00:00,5176.145,5240.825,5168.685,5223.22,127747.0,5193.069348321281,5190.933274619105,5190.767064273932,,5205.64,5130.235,5167.9375,,,,5240.825,5130.235,True,False,False,False
2026-02-27 19:00:00,5223.17,5257.75,5213.935,5234.74,276773.0,5201.4034786570255,5195.544508869725,5192.4914931259345,,5205.64,5130.235,5167.9375,,,,5257.75,5130.235,True,False,False,False
2026-02-27 23:00:00,5234.75,5281.155,5222.665,5278.51,149143.0,5216.824782925621,5204.277718462386,5195.86476790531,,5205.64,5130.235,5167.9375,,,,5281.155,5130.235,True,False,False,False
2026-03-02 03:00:00,5368.53,5394.005,5303.39,5325.44,251302.0,5238.547826340497,5217.031642834766,5200.946149556083,,5281.155,5166.995,5224.075,5281.155,5130.235,5205.695,5394.005,5303.39,False,False,False,True
2026-03-02 07:00:00,5325.34,5367.325,5317.325,5366.04,120713.0,5264.046261072397,5232.716733062685,5207.420418200942,,5281.155,5166.995,5224.075,5281.155,5130.235,5205.695,5394.005,5303.39,False,False,False,True
2026-03-02 11:00:00,5366.045,5419.66,5363.835,5392.11,146641.0,5289.659008857918,5249.494971687665,5214.663146898944,,5281.155,5166.995,5224.075,5281.155,5130.235,5205.695,5419.66,5303.39,False,False,False,True
2026-03-02 15:00:00,5392.115,5417.045,5374.37,5394.08,168903.0,5310.543207086334,5264.7144483521215,5221.699101922516,,5281.155,5166.995,5224.075,5281.155,5130.235,5205.695,5419.66,5303.39,False,False,False,True
2026-03-02 19:00:00,5394.1,5395.375,5260.285,5306.995,437525.0,5309.833565669068,5269.165032736109,5225.044039102026,,5281.155,5166.995,5224.075,5281.155,5130.235,5205.695,5419.66,5260.285,False,False,False,True
2026-03-02 23:00:00,5306.99,5346.585,5289.87,5321.935,162343.0,5312.253852535254,5274.719766132308,5228.843684627436,,5281.155,5166.995,5224.075,5281.155,5130.235,5205.695,5419.66,5260.285,False,False,False,True
2026-03-03 03:00:00,5344.96,5379.975,5329.3,5339.67,109325.0,5317.737082028203,5281.556632855223,5233.189814642047,,5419.66,5260.285,5339.9725,5281.155,5130.235,5205.695,5419.66,5260.285,False,True,False,False
2026-03-03 07:00:00,5339.69,5375.865,5305.1,5319.32,160464.0,5318.053665622563,5285.531724133621,5236.567468969811,,5419.66,5260.285,5339.9725,5281.155,5130.235,5205.695,5419.66,5260.285,False,True,False,False
2026-03-03 11:00:00,5319.36,5336.12,5225.57,5275.345,235649.0,5309.5119324980515,5284.459437382713,5238.088156461191,,5419.66,5260.285,5339.9725,5281.155,5130.235,5205.695,5419.66,5225.57,False,True,False,False
2026-03-03 15:00:00,5275.28,5288.07,5073.135,5156.895,358623.0,5278.988545998442,5271.031601868744,5234.904111109772,,5419.66,5260.285,5339.9725,5281.155,5130.235,5205.695,5419.66,5073.135,False,True,False,False
2026-03-03 19:00:00,5156.885,5175.7,4996.275,5079.63,499469.0,5239.116836798754,5250.884064829928,5228.814930281938,,5419.66,5260.285,5339.9725,5281.155,5130.235,5205.695,5419.66,4996.275,False,True,False,False
2026-03-03 23:00:00,5079.545,5149.055,5079.375,5088.835,253853.0,5209.060469439003,5233.826268532041,5223.325521251274,,5419.66,5260.285,5339.9725,5281.155,5130.235,5205.695,5419.66,4996.275,False,True,False,False
2026-03-04 03:00:00,5106.335,5178.82,5105.37,5175.155,145436.0,5202.279375551203,5227.6503455286675,5221.436481202205,,5379.975,4996.275,5188.125,5281.155,5130.235,5205.695,5419.66,4996.275,False,False,True,False
2026-03-04 07:00:00,5175.075,5191.065,5141.14,5160.09,200568.0,5193.841500440963,5220.538730209861,5219.030736841334,,5379.975,4996.275,5188.125,5281.155,5130.235,5205.695,5419.66,4996.275,False,False,True,False
2026-03-04 11:00:00,5160.095,5185.4,5117.72,5182.51,173862.0,5191.5752003527705,5216.535705977243,5217.5985510828505,,5379.975,4996.275,5188.125,5281.155,5130.235,5205.695,5419.66,4996.275,False,False,True,False
2026-03-04 15:00:00,5182.53,5206.265,5156.51,5167.965,190166.0,5186.853160282217,5211.423000084902,5215.652137314896,,5379.975,4996.275,5188.125,5281.155,5130.235,5205.695,5419.66,4996.275,False,False,True,False
2026-03-04 19:00:00,5167.99,5185.33,5120.285,5141.285,360246.0,5177.739528225773,5204.040052707544,5212.735778988822,,5379.975,4996.275,5188.125,5281.155,5130.235,5205.695,5419.66,4996.275,False,False,True,False
2026-03-04 23:00:00,5141.23,5146.945,5108.64,5140.945,153781.0,5170.380622580619,5197.3984682120135,5209.920454322594,,5379.975,4996.275,5188.125,5281.155,5130.235,5205.695,5419.66,4996.275,False,False,True,False
2026-03-05 03:00:00,5152.485,5186.575,5144.86,5172.85,83813.0,5170.874498064495,5194.814418926539,5208.466711015825,,5206.265,5105.37,5155.8175,5281.155,5130.235,5205.695,5419.66,4996.275,False,True,False,False
2026-03-05 07:00:00,5172.8,5195.22,5148.41,5148.755,106369.0,5166.450598451596,5189.966059039534,5206.125075289715,,5206.265,5105.37,5155.8175,5281.155,5130.235,5205.695,5419.66,4996.275,False,True,False,False
2026-03-05 11:00:00,5148.755,5180.48,5120.785,5161.26,189705.0,5165.412478761277,5186.94436861432,5204.365660572471,,5206.265,5105.37,5155.8175,5281.155,5130.235,5205.695,5419.66,4996.275,False,True,False,False
2026-03-05 15:00:00,5161.255,5171.54,5081.23,5118.085,167254.0,5155.946983009022,5179.69601402334,5200.982105255904,,5206.265,5105.37,5155.8175,5281.155,5130.235,5205.695,5419.66,4996.275,False,True,False,False
2026-03-05 19:00:00,5118.09,5130.005,5054.22,5062.87,424820.0,5137.331586407217,5167.398538862988,5195.565944265476,,5206.265,5105.37,5155.8175,5281.155,5130.235,5205.695,5419.66,4996.275,False,True,False,False
2026-03-05 23:00:00,5062.75,5094.925,5050.905,5081.38,268809.0,5126.141269125774,5158.343955824779,5191.088064098202,,5206.265,5105.37,5155.8175,5281.155,5130.235,5205.695,5419.66,4996.275,False,True,False,False
2026-03-06 03:00:00,5090.81,5144.05,5066.4,5134.575,110670.0,5127.828015300619,5155.841960474802,5188.871865506116,,5195.22,5050.905,5123.0625,5281.155,5130.235,5205.695,5419.66,4996.275,True,False,False,False
2026-03-06 07:00:00,5134.44,5141.64,5114.23,5117.63,101699.0,5125.788412240495,5151.819648845876,5186.078066858817,,5195.22,5050.905,5123.0625,5281.155,5130.235,5205.695,5419.66,4996.275,True,False,False,False
2026-03-06 11:00:00,5117.595,5123.16,5083.33,5085.715,128837.0,5117.773729792396,5144.861264756837,5182.142260315334,,5195.22,5050.905,5123.0625,5281.155,5130.235,5205.695,5419.66,4996.275,True,False,False,False
2026-03-06 15:00:00,5085.77,5131.245,5063.215,5085.12,232886.0,5111.242983833917,5138.572710571907,5178.337465793164,,5195.22,5050.905,5123.0625,5281.155,5130.235,5205.695,5419.66,4996.275,True,False,False,False
2026-03-06 19:00:00,5085.17,5171.89,5080.905,5141.01,412644.0,5117.196387067133,5138.829267353812,5176.873643605197,,5195.22,5050.905,5123.0625,5281.155,5130.235,5205.695,5419.66,4996.275,True,False,False,False
2026-03-06 23:00:00,5141.015,5176.63,5138.88,5171.5,174681.0,5128.057109653707,5142.2682918428845,5176.662912483424,,5195.22,5050.905,5123.0625,5281.155,5130.235,5205.695,5419.66,4996.275,True,False,False,False
2026-03-09 02:00:00,5171.95,5171.95,5028.54,5050.03,216231.0,5112.451687722966,5132.558997964687,5171.696915915448,,5176.63,5063.215,5119.922500000001,5419.66,4996.275,5207.9675,5171.95,5028.54,False,True,False,False
2026-03-09 06:00:00,5049.625,5102.255,5015.045,5090.36,244796.0,5108.033350178373,5128.11699817893,5168.507232938372,,5176.63,5063.215,5119.922500000001,5419.66,4996.275,5207.9675,5171.95,5015.045,False,True,False,False
2026-03-09 10:00:00,5090.35,5140.79,5081.185,5096.725,217445.0,5105.771680142699,5124.81257731799,5165.692243411377,,5176.63,5063.215,5119.922500000001,5419.66,4996.275,5207.9675,5171.95,5015.045,False,True,False,False
2026-03-09 14:00:00,5096.71,5132.765,5079.93,5095.07,194900.0,5103.631344114159,5121.68177970557,5162.922743669754,,5176.63,5063.215,5119.922500000001,5419.66,4996.275,5207.9675,5171.95,5015.045,False,True,False,False
2026-03-09 18:00:00,5095.075,5116.28,5060.595,5104.74,352244.0,5103.8530752913275,5119.898434473405,5160.641067447411,,5176.63,5063.215,5119.922500000001,5419.66,4996.275,5207.9675,5171.95,5015.045,False,True,False,False
2026-03-09 22:00:00,5104.76,5148.205,5089.135,5137.91,168491.0,5110.6644602330625,5121.794388739363,5159.749653037708,,5176.63,5063.215,5119.922500000001,5419.66,4996.275,5207.9675,5171.95,5015.045,False,True,False,False
2026-03-10 02:00:00,5128.805,5156.21,5117.355,5131.225,85307.0,5114.77656818645,5122.787084661535,5158.631039193093,,5171.95,5015.045,5093.4974999999995,5419.66,4996.275,5207.9675,5171.95,5015.045,True,False,False,False
2026-03-10 06:00:00,5131.155,5187.055,5124.835,5163.845,156353.0,5124.590254549161,5127.108970486637,5158.835508244344,5181.6914,5171.95,5015.045,5093.4974999999995,5419.66,4996.275,5207.9675,5187.055,5015.045,True,False,False,False
2026-03-10 10:00:00,5163.84,5195.405,5158.395,5183.48,93587.0,5136.368203639328,5133.042763066991,5159.801958901428,5181.531,5171.95,5015.045,5093.4974999999995,5419.66,4996.275,5207.9675,5195.405,5015.045,True,False,False,False
2026-03-10 14:00:00,5183.58,5192.045,5156.5,5187.085,146983.0,5146.511562911463,5138.7314195862555,5160.871882081765,5181.3054,5171.95,5015.045,5093.4974999999995,5419.66,4996.275,5207.9675,5195.405,5015.045,True,False,False,False
2026-03-10 18:00:00,5187.01,5238.775,5185.3,5227.58,159633.0,5162.725250329171,5148.083901735071,5163.48788670601,5182.1272,5171.95,5015.045,5093.4974999999995,5419.66,4996.275,5207.9675,5238.775,5015.045,True,False,False,False
2026-03-10 22:00:00,5227.585,5235.55,5160.65,5192.51,191246.0,5168.682200263337,5152.760333131379,5164.62600879597,5182.6575,5171.95,5015.045,5093.4974999999995,5419.66,4996.275,5207.9675,5238.775,5015.045,True,False,False,False
2026-03-11 02:00:00,5191.79,5219.59,5183.47,5215.455,45317.0,5178.03676021067,5159.359771749128,5166.619302568677,5183.619699999999,5238.775,5117.355,5178.065,5419.66,4996.275,5207.9675,5238.775,5015.045,False,True,False,False
2026-03-11 06:00:00,5215.45,5223.385,5194.02,5204.61,83803.0,5183.351408168535,5164.122953670272,5168.109133840494,5184.0085,5238.775,5117.355,5178.065,5419.66,4996.275,5207.9675,5238.775,5015.045,False,True,False,False
2026-03-11 10:00:00,5204.4,5210.97,5175.35,5187.695,88731.0,5184.2201265348285,5166.604221704981,5168.87720702322,5183.8742,5238.775,5117.355,5178.065,5419.66,4996.275,5207.9675,5238.775,5015.045,False,True,False,False
2026-03-11 14:00:00,5187.67,5197.175,5166.835,5167.53,84685.0,5180.882101227863,5166.701672051824,5168.82437537525,5183.2685,5238.775,5117.355,5178.065,5419.66,4996.275,5207.9675,5238.775,5015.045,False,True,False,False
2026-03-11 18:00:00,5167.48,5196.315,5149.155,5175.77,213638.0,5179.859680982291,5167.656232888475,5169.096752811516,5183.2617,5238.775,5117.355,5178.065,5419.66,4996.275,5207.9675,5238.775,5015.045,False,True,False,False
2026-03-11 22:00:00,5175.84,5183.76,5154.985,5176.48,113863.0,5179.183744785833,5168.5850504791615,5169.386291916947,5182.326899999999,5238.775,5117.355,5178.065,5419.66,4996.275,5207.9675,5238.775,5015.045,False,True,False,False
2026-03-12 02:00:00,5178.045,5178.32,5125.64,5153.205,92508.0,5173.987995828667,5166.966097797145,5168.751731449615,5180.6962,5223.385,5149.155,5186.27,5419.66,4996.275,5207.9675,5238.775,5015.045,False,True,False,False
2026-03-12 06:00:00,5153.2,5175.15,5140.62,5142.7,130350.0,5167.730396662934,5164.411771713235,5167.73009492218,5177.98,5223.385,5149.155,5186.27,5419.66,4996.275,5207.9675,5238.775,5015.045,False,True,False,False
2026-03-12 10:00:00,5142.76,5189.86,5137.17,5178.22,84123.0,5169.828317330348,5165.865269427632,5168.141463748761,5175.0356,5223.385,5149.155,5186.27,5419.66,4996.275,5207.9675,5238.775,5015.045,False,True,False,False
2026-03-12 14:00:00,5178.205,5191.79,5163.685,5181.625,89653.0,5172.187653864278,5167.524188435249,5168.670229876261,5171.347299999999,5223.385,5149.155,5186.27,5419.66,4996.275,5207.9675,5238.775,5015.045,False,True,False,False
2026-03-12 18:00:00,5181.575,5186.145,5109.85,5123.55,218527.0,5162.460123091423,5162.895326494697,5166.9008090968,5165.9761,5223.385,5149.155,5186.27,5419.66,4996.275,5207.9675,5238.775,5015.045,False,True,False,False
2026-03-12 22:00:00,5123.495,5129.87,5055.125,5079.255,189368.0,5145.819098473139,5154.091081600518,5163.463718543984,5159.6796,5223.385,5149.155,5186.27,5419.66,4996.275,5207.9675,5238.775,5015.045,False,True,False,False
2026-03-13 02:00:00,5083.865,5115.4,5077.79,5113.78,43037.0,5139.411278778512,5149.847809853095,5161.515337424613,5155.8153,5191.79,5055.125,5123.4575,5419.66,4996.275,5207.9675,5238.775,5015.045,False,True,False,False
2026-03-13 06:00:00,5113.95,5128.475,5102.825,5104.59,78444.0,5132.447023022809,5145.0838298685585,5159.282971251099,5151.468400000001,5191.79,5055.125,5123.4575,5419.66,4996.275,5207.9675,5238.775,5015.045,False,True,False,False
2026-03-13 10:00:00,5104.82,5111.26,5061.72,5087.55,106265.0,5123.467618418247,5139.027637250816,5156.469913554978,5146.4259999999995,5191.79,5055.125,5123.4575,5419.66,4996.275,5207.9675,5238.775,5015.045,False,True,False,False
2026-03-13 14:00:00,5087.485,5122.01,5079.94,5118.3,73151.0,5122.434094734598,5136.845780698099,5154.9730541998815,5142.4056,5191.79,5055.125,5123.4575,5419.66,4996.275,5207.9675,5238.775,5015.045,False,True,False,False
2026-03-13 18:00:00,5118.335,5121.265,5019.2,5046.045,221291.0,5107.156275787678,5127.287803782509,5150.701365799886,5137.8196,5191.79,5055.125,5123.4575,5419.66,4996.275,5207.9675,5238.775,5015.045,False,True,False,False
2026-03-13 22:00:00,5045.955,5064.08,5009.745,5020.6,172936.0,5089.845020630143,5116.057508647508,5145.599351454793,5135.0937,5191.79,5055.125,5123.4575,5419.66,4996.275,5207.9675,5238.775,5009.745,False,True,False,False
2026-03-16 02:00:00,5014.955,5031.005,4967.775,5026.005,124679.0,5077.077016504115,5106.578297210928,5140.9093768879375,5134.0212,5128.475,5009.745,5069.110000000001,5238.775,5009.745,5124.26,5031.005,4967.775,False,True,False,False
2026-03-16 06:00:00,5026.02,5026.66,4982.675,5013.05,156361.0,5064.271613203293,5096.733213293988,5135.895283676646,5132.5055,5128.475,5009.745,5069.110000000001,5238.775,5009.745,5124.26,5031.005,4967.775,False,True,False,False
2026-03-16 10:00:00,5013.045,5036.01,4985.115,4991.305,120301.0,5049.678290562635,5085.635506631464,5130.22507647364,5128.8285000000005,5128.475,5009.745,5069.110000000001,5238.775,5009.745,5124.26,5036.01,4967.775,False,True,False,False
2026-03-16 14:00:00,4991.135,5025.585,4970.23,5020.06,120491.0,5043.754632450109,5078.732821722889,5125.904877396242,5126.0279,5128.475,5009.745,5069.110000000001,5238.775,5009.745,5124.26,5036.01,4967.775,False,True,False,False
2026-03-16 18:00:00,5020.055,5038.145,4974.235,4990.74,197783.0,5033.151705960087,5069.470419436269,5120.604293968939,5122.1925,5128.475,5009.745,5069.110000000001,5238.775,5009.745,5124.26,5038.145,4967.775,False,True,False,False
2026-03-16 22:00:00,4990.78,5021.835,4984.015,5006.565,146360.0,5027.83436476807,5062.848796337715,5116.132164793687,5118.9645,5128.475,5009.745,5069.110000000001,5238.775,5009.745,5124.26,5038.145,4967.775,False,True,False,False
2026-03-17 02:00:00,5011.11,5016.185,4998.29,5003.03,60075.0,5022.873491814456,5056.552080933745,5111.69678578217,5116.1994,5038.145,4967.775,5002.96,5238.775,5009.745,5124.26,5038.145,4967.775,False,True,False,False
2026-03-17 06:00:00,5002.91,5042.185,4994.935,5038.05,114574.0,5025.9087934515655,5054.604493467034,5108.80867653581,5114.1415,5038.145,4967.775,5002.96,5238.775,5009.745,5124.26,5042.185,4967.775,False,True,False,False
2026-03-17 10:00:00,5038.045,5044.9,5005.04,5024.95,113986.0,5025.717034761253,5051.482967838925,5105.520100985387,5111.1835,5038.145,4967.775,5002.96,5238.775,5009.745,5124.26,5044.9,4967.775,False,True,False,False
2026-03-17 14:00:00,5024.905,5026.055,4992.06,5011.905,88693.0,5022.954627809003,5047.316865961144,5101.848920554588,5108.4465,5038.145,4967.775,5002.96,5238.775,5009.745,5124.26,5044.9,4967.775,False,True,False,False
2026-03-17 18:00:00,5011.9,5031.59,4973.72,5002.06,184955.0,5018.775702247202,5042.552985333655,5097.935629552448,5105.2625,5038.145,4967.775,5002.96,5238.775,5009.745,5124.26,5044.9,4967.775,False,True,False,False
2026-03-17 22:00:00,5002.05,5009.21,4996.445,5005.725,102818.0,5016.165561797762,5038.676355298534,5094.319526432744,5103.0153,5038.145,4967.775,5002.96,5238.775,5009.745,5124.26,5044.9,4967.775,False,True,False,False
2026-03-18 02:00:00,5001.96,5012.24,4993.39,5004.32,28386.0,5013.79644943821,5035.059896846057,5090.790133239303,5101.844300000001,5044.9,4973.72,5009.3099999999995,5238.775,5009.745,5124.26,5044.9,4967.775,False,True,False,False
2026-03-18 06:00:00,5004.3,5016.29,4981.83,4987.2,107571.0,5008.477159550568,5030.022012967525,5086.727775073056,5099.9607,5044.9,4973.72,5009.3099999999995,5238.775,5009.745,5124.26,5044.9,4967.775,False,True,False,False
2026-03-18 10:00:00,4987.17,5016.53,4977.455,4987.645,97733.0,5004.310727640455,5025.561274760417,5082.8421760505835,5097.0221,5044.9,4973.72,5009.3099999999995,5238.775,5009.745,5124.26,5044.9,4967.775,False,True,False,False
2026-03-18 14:00:00,4987.645,4995.85,4870.87,4881.815,178376.0,4979.811582112365,5010.430087943531,5074.9587573819335,5092.305799999999,5044.9,4973.72,5009.3099999999995,5238.775,5009.745,5124.26,5044.9,4870.87,False,True,False,False
2026-03-18 18:00:00,4881.78,4894.67,4834.38,4886.95,274460.0,4961.239265689892,4997.432183949476,5067.585864935583,5088.3305,5044.9,4973.72,5009.3099999999995,5238.775,5009.745,5124.26,5044.9,4834.38,False,True,False,False
2026-03-18 22:00:00,4887.0,4899.46,4806.845,4818.415,222205.0,4932.6744125519135,4978.588269849531,5057.814458467522,5082.9964,5044.9,4973.72,5009.3099999999995,5238.775,5009.745,5124.26,5044.9,4806.845,False,True,False,False
2026-03-19 02:00:00,4824.645,4848.87,4804.225,4841.38,90622.0,4914.415530041531,4964.145294075895,5049.326832645266,5077.0038,5016.53,4806.845,4911.6875,5238.775,5009.745,5124.26,5044.9,4804.225,False,True,False,False
2026-03-19 06:00:00,4841.385,4867.225,4832.995,4849.87,140277.0,4901.506424033225,4952.116315752117,5041.504996070942,5070.5712,5016.53,4806.845,4911.6875,5238.775,5009.745,5124.26,5044.9,4804.225,False,True,False,False
2026-03-19 10:00:00,4849.86,4853.885,4686.885,4709.635,260761.0,4863.13213922658,4926.5919667255785,5028.490486421101,5063.7633,5016.53,4806.845,4911.6875,5238.775,5009.745,5124.26,5044.9,4686.885,False,True,False,False
2026-03-19 14:00:00,4709.64,4726.02,4531.275,4574.815,360079.0,4805.468711381264,4889.562812333412,5010.699290875175,5053.4524,5016.53,4806.845,4911.6875,5238.775,5009.745,5124.26,5044.9,4531.275,False,True,False,False
2026-03-19 18:00:00,4574.745,4649.31,4502.365,4584.95,588903.0,4761.364969105011,4857.498305772,4994.003240252619,5043.2169,5016.53,4806.845,4911.6875,5238.775,5009.745,5124.26,5044.9,4502.365,False,True,False,False
2026-03-19 22:00:00,4584.94,4663.63,4573.915,4650.72,337277.0,4739.235975284009,4835.732168322315,4980.541152399575,5034.3299,5016.53,4806.845,4911.6875,5238.775,5009.745,5124.26,5044.9,4502.365,False,True,False,False
2026-03-20 02:00:00,4659.99,4677.205,4634.355,4648.745,87801.0,4721.137780227207,4816.049308498914,4967.529538579985,5025.21,4867.225,4502.365,4684.795,5238.775,5009.745,5124.26,5044.9,4502.365,False,True,False,False
2026-03-20 06:00:00,4648.74,4736.175,4639.42,4721.82,184623.0,4721.274224181766,4806.130433920081,4957.893870400378,5016.8882,4867.225,4502.365,4684.795,5238.775,5009.745,5124.26,5044.9,4502.365,False,True,False,False
2026-03-20 10:00:00,4721.845,4734.96,4661.305,4693.85,165174.0,4715.789379345413,4794.311440875861,4947.53920881605,5008.1407,4867.225,4502.365,4684.795,5238.775,5009.745,5124.26,5044.9,4502.365,False,True,False,False
2026-03-20 14:00:00,4693.855,4700.65,4637.245,4678.445,215424.0,4708.3205034763305,4782.114973415244,4936.986494744832,4998.432699999999,4867.225,4502.365,4684.795,5238.775,5009.745,5124.26,5044.9,4502.365,False,True,False,False
2026-03-20 18:00:00,4678.42,4679.615,4540.785,4583.105,501456.0,4683.277402781065,4761.166555161008,4923.108789068565,4986.425200000001,4867.225,4502.365,4684.795,5238.775,5009.745,5124.26,5044.9,4502.365,False,True,False,False
2026-03-20 22:00:00,4583.155,4600.885,4477.54,4497.48,383744.0,4646.117922224852,4733.410075670376,4906.417464007052,4972.6331,4867.225,4502.365,4684.795,5238.775,5009.745,5124.26,5044.9,4477.54,False,True,False,False
2026-03-23 02:00:00,4472.24,4536.415,4319.92,4354.325,210850.0,4587.759337779882,4693.506383494547,4884.766779144031,4955.168,4736.175,4477.54,4606.8575,5044.9,4477.54,4761.219999999999,4536.415,4319.92,False,True,False,False
2026-03-23 06:00:00,4354.13,4454.51,4330.325,4367.97,428328.0,4543.801470223906,4659.239395758279,4864.500238785442,4938.6772,4736.175,4477.54,4606.8575,5044.9,4477.54,4761.219999999999,4536.415,4319.92,False,True,False,False
2026-03-23 10:00:00,4367.92,4380.155,4099.125,4251.44,535564.0,4485.329176179125,4616.313143573197,4840.458660793856,4919.3969,4736.175,4477.54,4606.8575,5044.9,4477.54,4761.219999999999,4536.415,4099.125,False,True,False,False
2026-03-23 14:00:00,4251.45,4492.925,4223.685,4478.505,515397.0,4483.9643409433,4601.8070231970705,4826.2643995862545,4904.8748,4736.175,4477.54,4606.8575,5044.9,4477.54,4761.219999999999,4536.415,4099.125,False,True,False,False
2026-03-23 18:00:00,4478.51,4513.165,4350.63,4375.79,728575.0,4462.329472754641,4578.015757597379,4808.5987368573815,4888.6367,4736.175,4477.54,4606.8575,5044.9,4477.54,4761.219999999999,4536.415,4099.125,False,True,False,False
2026-03-23 22:00:00,4375.745,4467.27,4370.825,4406.505,340961.0,4451.164578203713,4559.96199363976,4792.830355019837,4873.416200000001,4736.175,4477.54,4606.8575,5044.9,4477.54,4761.219999999999,4536.415,4099.125,False,True,False,False
2026-03-24 02:00:00,4382.825,4448.355,4331.36,4364.59,169183.0,4433.8496625629705,4539.396520625049,4776.036615607295,4857.1926,4536.415,4099.125,4317.77,5044.9,4477.54,4761.219999999999,4536.415,4099.125,False,False,True,False
2026-03-24 06:00:00,4364.635,4379.465,4305.88,4333.595,359283.0,4413.798730050376,4517.733202664517,4758.685964014852,4840.334900000001,4536.415,4099.125,4317.77,5044.9,4477.54,4761.219999999999,4536.415,4099.125,False,False,True,False
2026-03-24 10:00:00,4333.6,4433.31,4320.04,4412.02,367090.0,4413.442984040302,4506.605497120884,4745.091220327996,4825.5112,4536.415,4099.125,4317.77,5044.9,4477.54,4761.219999999999,4536.415,4099.125,False,False,True,False
2026-03-24 14:00:00,4411.975,4442.245,4362.065,4379.115,323360.0,4406.577387232242,4493.185444792371,4730.739211687682,4810.2395,4536.415,4099.125,4317.77,5044.9,4477.54,4761.219999999999,4536.415,4099.125,False,False,True,False
2026-03-24 18:00:00,4379.06,4434.31,4351.09,4421.485,540409.0,4409.558909785794,4485.638029551068,4718.611595543067,4795.1048,4536.415,4099.125,4317.77,5044.9,4477.54,4761.219999999999,4536.415,4099.125,False,False,True,False
2026-03-24 22:00:00,4421.49,4484.495,4372.655,4474.275,361580.0,4422.502127828635,4484.441921177272,4709.029768266868,4780.9578,4536.415,4099.125,4317.77,5044.9,4477.54,4761.219999999999,4536.415,4099.125,False,False,True,False
2026-03-25 02:00:00,4476.635,4572.18,4455.885,4563.295,161186.0,4450.660702262909,4492.742245263875,4703.314679315226,4769.7527,4484.495,4305.88,4395.1875,5044.9,4477.54,4761.219999999999,4572.18,4099.125,True,False,False,False
2026-03-25 06:00:00,4563.265,4602.645,4552.375,4573.02,141916.0,4475.132561810327,4501.192535236099,4698.205084047962,4759.628,4484.495,4305.88,4395.1875,5044.9,4477.54,4761.219999999999,4602.645,4099.125,True,False,False,False
2026-03-25 10:00:00,4573.15,4573.585,4533.145,4556.32,161478.0,4491.370049448262,4506.995426263878,4692.6409631049055,4748.4788,4484.495,4305.88,4395.1875,5044.9,4477.54,4761.219999999999,4602.645,4099.125,True,False,False,False
2026-03-25 14:00:00,4556.295,4585.6,4521.88,4544.095,203020.0,4501.91503955861,4510.900644551891,4686.815631218439,4737.2689,4484.495,4305.88,4395.1875,5044.9,4477.54,4761.219999999999,4602.645,4099.125,True,False,False,False
2026-03-25 18:00:00,4544.09,4579.44,4525.265,4555.135,369940.0,4512.559031646888,4515.556892493797,4681.651684896147,4726.6206,4484.495,4305.88,4395.1875,5044.9,4477.54,4761.219999999999,4602.645,4099.125,True,False,False,False
2026-03-25 22:00:00,4555.155,4569.025,4486.59,4506.845,196694.0,4511.416225317511,4514.639851178661,4674.796520782573,4714.3915,4484.495,4305.88,4395.1875,5044.9,4477.54,4761.219999999999,4602.645,4099.125,True,False,False,False
2026-03-26 02:00:00,4521.855,4539.065,4489.075,4535.78,102334.0,4516.2889802540085,4516.86513000196,4669.344892516589,4704.1862,4602.645,4455.885,4529.265,5044.9,4477.54,4761.219999999999,4602.645,4099.125,False,False,False,True
2026-03-26 06:00:00,4535.72,4544.815,4500.055,4520.54,138897.0,4517.139184203207,4517.251958422807,4663.509406535547,4694.185,4602.645,4455.885,4529.265,5044.9,4477.54,4761.219999999999,4602.645,4099.125,False,False,False,True
2026-03-26 10:00:00,4520.58,4522.55,4412.44,4428.055,280214.0,4499.322347362566,4507.8628049046165,4654.275900396898,4682.226,4602.645,4455.885,4529.265,5044.9,4477.54,4761.219999999999,4602.645,4099.125,False,False,False,True
2026-03-26 14:00:00,4427.995,4456.865,4414.705,4429.47,270430.0,4485.3518778900525,4499.610930704131,4645.4599827342745,4670.5544,4602.645,4455.885,4529.265,5044.9,4477.54,4761.219999999999,4602.645,4099.125,False,False,False,True
2026-03-26 18:00:00,4429.315,4479.895,4366.95,4389.375,429326.0,4466.156502312042,4488.007148524749,4635.417434391754,4658.515799999999,4602.645,4455.885,4529.265,5044.9,4477.54,4761.219999999999,4602.645,4099.125,False,False,False,True
2026-03-26 22:00:00,4389.305,4420.75,4351.355,4378.2,324507.0,4448.565201849634,4476.448501311617,4625.330476180313,4645.6786,4602.645,4455.885,4529.265,5044.9,4477.54,4761.219999999999,4602.645,4099.125,False,False,False,True
2026-03-27 02:00:00,4388.67,4415.4,4375.525,4378.76,71042.0,4434.604161479708,4466.165501173553,4615.661045741869,4633.439,4544.815,4351.355,4448.084999999999,5044.9,4477.54,4761.219999999999,4602.645,4099.125,True,False,False,False
2026-03-27 06:00:00,4378.745,4449.83,4377.28,4445.955,125079.0,4436.874329183766,4464.038079997389,4609.005906693168,4622.2268,4544.815,4351.355,4448.084999999999,5044.9,4477.54,4761.219999999999,4602.645,4099.125,True,False,False,False
2026-03-27 10:00:00,4446.08,4475.3,4424.025,4424.51,146692.0,4434.401463347013,4459.877229471348,4601.770773097358,4610.6564,4544.815,4351.355,4448.084999999999,5044.9,4477.54,4761.219999999999,4602.645,4099.125,True,False,False,False
2026-03-27 14:00:00,4424.465,4445.34,4404.58,4438.01,157229.0,4435.123170677611,4457.575415842785,4595.348781995502,4598.6556,4544.815,4351.355,4448.084999999999,5044.9,4477.54,4761.219999999999,4602.645,4099.125,True,False,False,False
2026-03-27 18:00:00,4437.97,4555.63,4413.775,4507.355,317653.0,4449.569536542089,4462.815372069861,4591.898045446658,4588.3037,4544.815,4351.355,4448.084999999999,5044.9,4477.54,4761.219999999999,4602.645,4099.125,True,False,False,False
2026-03-27 22:00:00,4511.27,4528.755,4486.505,4493.685,199576.0,4458.392629233671,4466.064806588824,4588.046553468357,4577.9393,4544.815,4351.355,4448.084999999999,5044.9,4477.54,4761.219999999999,4602.645,4099.125,True,False,False,False
2026-03-30 02:00:00,4512.54,4513.55,4417.43,4432.295,179921.0,4453.173103386937,4462.5100901057895,4581.938649410775,4566.544,4555.63,4375.525,4465.577499999999,4602.645,4099.125,4350.885,4513.55,4417.43,False,True,False,False
2026-03-30 06:00:00,4431.87,4518.175,4431.825,4497.02,234471.0,4461.94248270955,4466.142712199917,4578.608506296627,4556.3699,4555.63,4375.525,4465.577499999999,4602.645,4099.125,4350.885,4518.175,4417.43,False,True,False,False
2026-03-30 10:00:00,4497.03,4550.855,4497.02,4538.22,178051.0,4477.19798616764,4473.729795126241,4577.024643304602,4547.0479,4555.63,4375.525,4465.577499999999,4602.645,4099.125,4350.885,4550.855,4417.43,False,True,False,False
2026-03-30 14:00:00,4538.23,4580.73,4523.605,4569.445,185961.0,4495.647388934112,4483.805079849794,4576.727402390696,4538.692800000001,4555.63,4375.525,4465.577499999999,4602.645,4099.125,4350.885,4580.73,4417.43,False,True,False,False
2026-03-30 18:00:00,4569.49,4578.835,4512.57,4539.985,333019.0,4504.51491114729,4489.718755655079,4575.28652386557,4529.7396,4555.63,4375.525,4465.577499999999,4602.645,4099.125,4350.885,4580.73,4417.43,False,True,False,False
2026-03-30 22:00:00,4539.92,4542.46,4493.1,4510.65,199274.0,4505.741928917832,4491.922044533491,4572.751758223783,4522.3163,4555.63,4375.525,4465.577499999999,4602.645,4099.125,4350.885,4580.73,4417.43,False,True,False,False
2026-03-31 02:00:00,4517.71,4548.31,4482.66,4547.935,136057.0,4514.180543134266,4497.818145108913,4571.778552018929,4515.536,4580.73,4417.43,4499.08,4602.645,4099.125,4350.885,4580.73,4417.43,True,False,False,False
2026-03-31 06:00:00,4547.94,4619.255,4532.15,4564.925,238656.0,4524.329434507414,4504.882024571133,4571.509785273089,4510.4662,4580.73,4417.43,4499.08,4602.645,4099.125,4350.885,4619.255,4417.43,True,False,False,False
2026-03-31 10:00:00,4564.535,4581.94,4543.51,4568.755,161280.0,4533.214547605931,4511.605495668909,4571.401754478065,4505.0136999999995,4580.73,4417.43,4499.08,4602.645,4099.125,4350.885,4619.255,4417.43,True,False,False,False
2026-03-31 14:00:00,4568.8,4597.76,4529.545,4574.82,186987.0,4541.535638084745,4518.25965401955,4571.535803322063,4499.512699999999,4580.73,4417.43,4499.08,4602.645,4099.125,4350.885,4619.255,4417.43,True,False,False,False
2026-03-31 18:00:00,4575.0,4651.585,4567.98,4638.23,308893.0,4560.874510467796,4530.8881114911765,4574.151262015315,4498.0846,4580.73,4417.43,4499.08,4602.645,4099.125,4350.885,4651.585,4417.43,True,False,False,False
2026-03-31 22:00:00,4638.14,4687.335,4636.5,4667.875,267046.0,4582.274608374238,4545.30778396579,4577.8267027205975,4499.9458,4580.73,4417.43,4499.08,4602.645,4099.125,4350.885,4687.335,4417.43,True,False,False,False
2026-04-01 02:00:00,4674.535,4722.6,4662.125,4710.92,103756.0,4608.0036866993905,4562.740648811497,4583.046047711947,4502.465200000001,4687.335,4482.66,4584.9974999999995,4602.645,4099.125,4350.885,4722.6,4417.43,True,False,False,False
2026-04-01 06:00:00,4710.93,4724.52,4667.195,4676.495,159294.0,4621.701949359513,4574.714791041865,4586.710712507556,4502.9807,4687.335,4482.66,4584.9974999999995,4602.645,4099.125,4350.885,4724.52,4417.43,True,False,False,False
2026-04-01 10:00:00,4676.61,4747.815,4674.72,4728.7,171743.0,4643.10155948761,4590.92376040588,4592.278919860201,4504.5797999999995,4687.335,4482.66,4584.9974999999995,4602.645,4099.125,4350.885,4747.815,4417.43,True,False,False,False
2026-04-01 14:00:00,4728.77,4762.905,4713.195,4724.775,150689.0,4659.436247590088,4605.013364573681,4597.474844571566,4504.6389,4687.335,4482.66,4584.9974999999995,4602.645,4099.125,4350.885,4762.905,4417.43,True,False,False,False
2026-04-01 18:00:00,4724.82,4790.84,4716.28,4787.3,285879.0,4685.00899807207,4624.201431460662,4604.9189683138575,4506.5079,4687.335,4482.66,4584.9974999999995,4602.645,4099.125,4350.885,4790.84,4417.43,True,False,False,False
2026-04-01 22:00:00,4787.305,4793.195,4742.17,4758.2,191243.0,4699.6471984576565,4638.306543938487,4610.929989164295,4508.103,4687.335,4482.66,4584.9974999999995,4602.645,4099.125,4350.885,4793.195,4417.43,True,False,False,False
2026-04-02 02:00:00,4758.465,4800.8,4751.98,4784.42,98071.0,4716.601758766125,4653.686907734436,4617.73351900099,4512.1293,4793.195,4662.125,4727.66,4602.645,4099.125,4350.885,4800.8,4417.43,False,False,False,True
2026-04-02 06:00:00,4784.41,4786.36,4649.465,4672.65,314119.0,4707.8114070129,4655.683022709759,4619.887106491147,4515.632699999999,4793.195,4662.125,4727.66,4602.645,4099.125,4350.885,4800.8,4417.43,False,False,False,True
2026-04-02 10:00:00,4672.635,4680.915,4553.85,4621.005,235179.0,4690.45012561032,4652.0327045297845,4619.930945452278,4520.9663,4793.195,4662.125,4727.66,4602.645,4099.125,4350.885,4800.8,4417.43,False,False,False,True
2026-04-02 14:00:00,4620.995,4635.435,4592.895,4601.765,185118.0,4672.713100488257,4646.7413672108605,4619.218555434542,4525.6422,4793.195,4662.125,4727.66,4602.645,4099.125,4350.885,4800.8,4417.43,False,False,False,True
2026-04-02 18:00:00,4601.71,4699.89,4580.65,4659.215,466981.0,4670.013480390606,4648.054381188665,4620.787043456717,4533.7977,4793.195,4662.125,4727.66,4602.645,4099.125,4350.885,4800.8,4417.43,False,False,False,True
2026-04-02 22:00:00,4659.22,4682.01,4645.78,4676.745,177553.0,4671.359784312484,4651.0744463267,4622.981473125081,4537.7625,4793.195,4662.125,4727.66,4602.645,4099.125,4350.885,4800.8,4417.43,False,False,False,True
2026-04-06 02:00:00,4638.25,4654.59,4600.85,4622.585,138211.0,4661.604827449988,4648.075557239679,4622.965925159392,4542.698399999999,4800.8,4553.85,4677.325000000001,4800.8,4417.43,4609.115,4654.59,4600.85,True,False,False,False
2026-04-06 06:00:00,4622.63,4671.73,4620.605,4659.21,145060.0,4661.12586195999,4649.247603846029,4624.3872614276515,4547.7525,4800.8,4553.85,4677.325000000001,4800.8,4417.43,4609.115,4671.73,4600.85,True,False,False,False
2026-04-06 10:00:00,4659.205,4698.21,4643.505,4695.86,130116.0,4668.072689567993,4654.154171862237,4627.190113920685,4554.3778999999995,4800.8,4553.85,4677.325000000001,4800.8,4417.43,4609.115,4698.21,4600.85,True,False,False,False
2026-04-06 14:00:00,4696.09,4706.875,4659.655,4676.22,113437.0,4669.702151654395,4656.47689061358,4629.112854551246,4561.2303999999995,4800.8,4553.85,4677.325000000001,4800.8,4417.43,4609.115,4706.875,4600.85,True,False,False,False
2026-04-06 18:00:00,4676.21,4697.78,4652.095,4660.515,254445.0,4667.864721323516,4656.901954759518,4630.344311235511,4566.2003,4800.8,4553.85,4677.325000000001,4800.8,4417.43,4609.115,4706.875,4600.85,True,False,False,False
2026-04-06 22:00:00,4660.55,4666.725,4645.805,4649.995,133801.0,4664.290777058814,4656.174906890095,4631.1149264811775,4571.6179,4800.8,4553.85,4677.325000000001,4800.8,4417.43,4609.115,4706.875,4600.85,True,False,False,False
2026-04-07 02:00:00,4661.755,4667.97,4649.46,4655.23,48909.0,4662.478621647051,4656.075443006927,4632.0606156387785,4576.292799999999,4706.875,4600.85,4653.8625,4800.8,4417.43,4609.115,4706.875,4600.85,True,False,False,False
2026-04-07 06:00:00,4655.22,4664.53,4616.53,4660.155,185242.0,4662.013897317641,4656.5048700588295,4633.162356201963,4580.0104,4706.875,4600.85,4653.8625,4800.8,4417.43,4609.115,4706.875,4600.85,True,False,False,False
2026-04-07 10:00:00,4660.24,4691.225,4623.475,4683.035,187265.0,4666.218117854112,4659.297515315795,4635.118146154827,4582.405199999999,4706.875,4600.85,4653.8625,4800.8,4417.43,4609.115,4706.875,4600.85,True,False,False,False
2026-04-07 14:00:00,4682.905,4694.905,4629.02,4651.67,214779.0,4663.30849428329,4658.494618966764,4635.767238462481,4583.9782000000005,4706.875,4600.85,4653.8625,4800.8,4417.43,4609.115,4706.875,4600.85,True,False,False,False
2026-04-07 18:00:00,4651.675,4668.825,4607.63,4657.29,339088.0,4662.104795426632,4658.3678169702625,4636.611268326697,4585.9976,4706.875,4600.85,4653.8625,4800.8,4417.43,4609.115,4706.875,4600.85,True,False,False,False
2026-04-07 22:00:00,4657.28,4718.96,4654.115,4704.81,240469.0,4670.645836341307,4663.256467815499,4639.285728392318,4589.2119,4706.875,4600.85,4653.8625,4800.8,4417.43,4609.115,4718.96,4600.85,True,False,False,False
2026-04-08 02:00:00,4741.845,4858.215,4713.04,4817.715,231077.0,4700.059669073045,4679.515260677025,4646.282954729874,4594.463500000001,4718.96,4607.63,4663.295,4800.8,4417.43,4609.115,4858.215,4600.85,False,False,False,True
2026-04-08 06:00:00,4817.73,4825.435,4788.12,4803.515,150908.0,4720.750735258437,4692.567864816286,4652.448917289487,4600.3969,4718.96,4607.63,4663.295,4800.8,4417.43,4609.115,4858.215,4600.85,False,False,False,True
2026-04-08 10:00:00,4803.53,4843.9,4790.39,4794.2,150430.0,4735.440588206749,4703.265984309308,4658.007783278135,4605.5653,4718.96,4607.63,4663.295,4800.8,4417.43,4609.115,4858.215,4600.85,False,False,False,True
2026-04-08 14:00:00,4794.12,4807.42,4768.4,4799.765,137098.0,4748.3054705654,4713.423775434644,4663.566889816248,4611.1498,4718.96,4607.63,4663.295,4800.8,4417.43,4609.115,4858.215,4600.85,False,False,False,True
2026-04-08 18:00:00,4799.705,4806.92,4732.305,4760.52,306279.0,4750.74837645232,4718.381272757313,4667.368972568552,4617.7991,4718.96,4607.63,4663.295,4800.8,4417.43,4609.115,4858.215,4600.85,False,False,False,True
2026-04-08 22:00:00,4760.605,4764.505,4699.305,4718.96,182937.0,4744.390701161857,4718.442191414439,4669.392150114883,4623.5889,4718.96,4607.63,4663.295,4800.8,4417.43,4609.115,4858.215,4600.85,False,False,False,True
2026-04-09 02:00:00,4727.55,4729.67,4698.725,4707.185,76360.0,4736.949560929485,4717.25722389713,4670.874222659398,4629.9451,4858.215,4699.305,4778.76,4800.8,4417.43,4609.115,4858.215,4600.85,True,False,False,False
2026-04-09 06:00:00,4707.18,4733.04,4699.905,4720.92,116061.0,4733.743648743589,4717.64277927638,4672.83680216295,4636.7995,4858.215,4699.305,4778.76,4800.8,4417.43,4609.115,4858.215,4600.85,True,False,False,False
2026-04-09 10:00:00,4720.985,4733.19,4703.58,4726.17,147268.0,4732.2289189948715,4718.540381457813,4674.928300117344,4643.7477,4858.215,4699.305,4778.76,4800.8,4417.43,4609.115,4858.215,4600.85,True,False,False,False
2026-04-09 14:00:00,4726.145,4759.87,4723.25,4746.07,112779.0,4734.9971351958975,4721.438236041201,4677.718170700979,4649.75,4858.215,4699.305,4778.76,4800.8,4417.43,4609.115,4858.215,4600.85,True,False,False,False
2026-04-09 18:00:00,4746.06,4801.28,4738.655,4789.09,321647.0,4745.815708156718,4728.5594743526535,4682.085693418587,4657.0416,4858.215,4699.305,4778.76,4800.8,4417.43,4609.115,4858.215,4600.85,True,False,False,False
2026-04-09 22:00:00,4789.085,4801.39,4760.835,4765.405,175302.0,4749.733566525374,4732.437950736585,4685.353117206093,4663.5895,4858.215,4699.305,4778.76,4800.8,4417.43,4609.115,4858.215,4600.85,True,False,False,False
2026-04-10 02:00:00,4772.62,4772.62,4750.535,4763.21,40328.0,4752.428853220299,4735.677113816944,4688.40632829605,4668.7065999999995,4801.39,4698.725,4750.057500000001,4800.8,4417.43,4609.115,4858.215,4600.85,False,True,False,False
2026-04-10 06:00:00,4763.22,4777.42,4738.105,4758.52,104942.0,4753.647082576239,4738.081628152003,4691.155884049146,4674.0033,4801.39,4698.725,4750.057500000001,4800.8,4417.43,4609.115,4858.215,4600.85,False,True,False,False
2026-04-10 10:00:00,4758.51,4769.385,4730.74,4740.975,108585.0,4751.112666060992,4738.386193609687,4693.1095748707485,4680.1769,4801.39,4698.725,4750.057500000001,4800.8,4417.43,4609.115,4858.215,4600.85,False,True,False,False
2026-04-10 14:00:00,4741.005,4782.605,4740.695,4771.92,116744.0,4755.274132848794,4741.916067966562,4696.2001797777775,4685.6749,4801.39,4698.725,4750.057500000001,4800.8,4417.43,4609.115,4858.215,4600.85,False,True,False,False
2026-04-10 18:00:00,4771.93,4794.98,4747.375,4763.84,265723.0,4756.987306279036,4744.223850285871,4698.8527217472765,4690.1873,4801.39,4698.725,4750.057500000001,4800.8,4417.43,4609.115,4858.215,4600.85,False,True,False,False
2026-04-10 22:00:00,4763.865,4773.35,4741.01,4749.685,136033.0,4755.526845023229,4744.798708150516,4700.846144423855,4693.7921,4801.39,4698.725,4750.057500000001,4800.8,4417.43,4609.115,4858.215,4600.85,False,True,False,False
2026-04-13 02:00:00,4670.425,4698.96,4644.465,4695.635,103034.0,4743.548476018584,4739.623580976778,4700.641785818998,4696.9051,4794.98,4730.74,4762.86,4858.215,4600.85,4729.5325,4698.96,4644.465,True,False,False,False
2026-04-13 06:00:00,4695.63,4728.225,4693.79,4723.16,137783.0,4739.470780814867,4737.890572452907,4701.524853041782,4701.1553,4794.98,4730.74,4762.86,4858.215,4600.85,4729.5325,4728.225,4644.465,True,False,False,False
2026-04-13 10:00:00,4723.17,4740.03,4716.39,4723.63,120815.0,4736.302624651894,4736.389459563127,4702.391721549948,4704.6692,4794.98,4730.74,4762.86,4858.215,4600.85,4729.5325,4740.03,4644.465,True,False,False,False
2026-04-13 14:00:00,4723.635,4729.23,4703.375,4723.48,131718.0,4733.738099721515,4735.030569082798,4703.218712861714,4707.8403,4794.98,4730.74,4762.86,4858.215,4600.85,4729.5325,4740.03,4644.465,True,False,False,False
2026-04-13 18:00:00,4723.43,4746.27,4700.565,4733.215,329800.0,4733.633479777212,4734.8394565477665,4704.395037847529,4711.1295,4794.98,4730.74,4762.86,4858.215,4600.85,4729.5325,4746.27,4644.465,True,False,False,False
2026-04-13 22:00:00,4733.225,4750.205,4723.54,4740.34,126910.0,4734.97478382177,4735.418461121686,4705.80464420645,4714.4399,4794.98,4730.74,4762.86,4858.215,4600.85,4729.5325,4750.205,4644.465,True,False,False,False
2026-04-14 02:00:00,4746.92,4776.075,4745.84,4769.98,55226.0,4741.975827057416,4739.056517845719,4708.321324825804,4717.0749,4750.205,4644.465,4697.335,4858.215,4600.85,4729.5325,4776.075,4644.465,True,False,False,False
2026-04-14 06:00:00,4769.94,4777.385,4761.79,4774.24,91371.0,4748.428661645932,4742.760042283012,4710.906370911067,4719.202200000001,4750.205,4644.465,4697.335,4858.215,4600.85,4729.5325,4777.385,4644.465,True,False,False,False
2026-04-14 10:00:00,4774.24,4796.63,4757.855,4786.97,138047.0,4756.136929316746,4747.413722042695,4713.889258326319,4720.7232,4750.205,4644.465,4697.335,4858.215,4600.85,4729.5325,4796.63,4644.465,True,False,False,False
2026-04-14 14:00:00,4787.08,4789.405,4751.22,4771.48,122211.0,4759.205543453398,4749.947014459252,4716.14771878411,4722.622899999999,4750.205,4644.465,4697.335,4858.215,4600.85,4729.5325,4796.63,4644.465,True,False,False,False
2026-04-14 18:00:00,4771.475,4820.34,4771.185,4810.075,217631.0,4769.379434762718,4756.27627609512,4719.83114157689,4724.250400000001,4750.205,4644.465,4697.335,4858.215,4600.85,4729.5325,4820.34,4644.465,True,False,False,False
2026-04-14 22:00:00,4810.12,4846.37,4809.54,4841.76,121348.0,4783.855547810174,4765.274562821949,4724.612665436621,4726.5901,4750.205,4644.465,4697.335,4858.215,4600.85,4729.5325,4846.37,4644.465,True,False,False,False
2026-04-15 02:00:00,4849.155,4850.88,4827.285,4835.56,47800.0,4794.19643824814,4772.673029893323,4728.963541301851,4727.5553,4846.37,4745.84,4796.105,4858.215,4600.85,4729.5325,4850.88,4644.465,False,False,False,True
2026-04-15 06:00:00,4835.52,4871.38,4816.915,4825.075,118323.0,4800.372150598512,4778.189026746657,4732.732618113544,4728.8928,4846.37,4745.84,4796.105,4858.215,4600.85,4729.5325,4871.38,4644.465,False,False,False,True
2026-04-15 10:00:00,4825.125,4830.53,4804.05,4818.63,112884.0,4804.02372047881,4782.44597129964,4736.101142893404,4729.577,4846.37,4745.84,4796.105,4858.215,4600.85,4729.5325,4871.38,4644.465,False,False,False,True
2026-04-15 14:00:00,4818.56,4819.565,4786.08,4811.76,139135.0,4805.570976383048,4785.531658531258,4739.068156897585,4732.359200000001,4846.37,4745.84,4796.105,4858.215,4600.85,4729.5325,4871.38,4644.465,False,False,False,True
2026-04-15 18:00:00,4811.69,4830.615,4787.145,4803.985,206308.0,4805.253781106439,4787.474115527968,4741.613915450622,4736.0188,4846.37,4745.84,4796.105,4858.215,4600.85,4729.5325,4871.38,4644.465,False,False,False,True
2026-04-15 22:00:00,4803.975,4808.96,4787.895,4790.94,117090.0,4802.391024885152,4787.838945472392,4743.54827170746,4739.802299999999,4846.37,4745.84,4796.105,4858.215,4600.85,4729.5325,4871.38,4644.465,False,False,False,True
2026-04-16 02:00:00,4798.465,4837.81,4790.87,4833.145,49394.0,4808.541819908121,4792.608003843719,4747.061868895403,4743.2809,4871.38,4786.08,4828.73,4858.215,4600.85,4729.5325,4871.38,4644.465,False,True,False,False
2026-04-16 06:00:00,4833.205,4836.465,4811.33,4833.185,80626.0,4813.470455926497,4796.879266597012,4750.439246585779,4746.4097,4871.38,4786.08,4828.73,4858.215,4600.85,4729.5325,4871.38,4644.465,False,True,False,False
2026-04-16 10:00:00,4833.21,4838.56,4806.59,4813.85,122001.0,4813.546364741198,4798.665659586801,4752.9259427981015,4750.235,4871.38,4786.08,4828.73,4858.215,4600.85,4729.5325,4871.38,4644.465,False,True,False,False
2026-04-16 14:00:00,4813.815,4823.14,4805.165,4816.265,93826.0,4814.090091792959,4800.518221735559,4755.4098273942545,4753.3760999999995,4871.38,4786.08,4828.73,4858.215,4600.85,4729.5325,4871.38,4644.465,False,True,False,False
2026-04-16 18:00:00,4816.285,4824.04,4772.575,4792.095,287506.0,4809.691073434367,4799.631566816026,4756.848461614088,4755.3008,4871.38,4786.08,4828.73,4858.215,4600.85,4729.5325,4871.38,4644.465,False,True,False,False
2026-04-16 22:00:00,4792.105,4798.67,4781.45,4790.66,107501.0,4805.884858747494,4798.687191361707,4758.174404295888,4757.5896,4871.38,4786.08,4828.73,4858.215,4600.85,4729.5325,4871.38,4644.465,False,True,False,False
2026-04-17 02:00:00,4793.945,4801.3,4785.965,4794.845,41779.0,4803.676886997995,4798.2827501657375,4759.61246687252,4760.2762,4838.56,4772.575,4805.5675,4858.215,4600.85,4729.5325,4871.38,4644.465,False,False,True,False
2026-04-17 06:00:00,4794.88,4804.48,4767.845,4802.995,95158.0,4803.540509598396,4798.778776464081,4761.31374268144,4763.3362,4838.56,4772.575,4805.5675,4858.215,4600.85,4729.5325,4871.38,4644.465,False,False,True,False
2026-04-17 10:00:00,4802.99,4806.2,4778.81,4796.11,93418.0,4802.054407678717,4798.497852625756,4762.678301791972,4766.1538,4838.56,4772.575,4805.5675,4858.215,4600.85,4729.5325,4871.38,4644.465,False,False,True,False
2026-04-17 14:00:00,4796.115,4848.005,4782.255,4846.52,125188.0,4810.947526142974,4803.552815507255,4765.966211525621,4769.8811000000005,4838.56,4772.575,4805.5675,4858.215,4600.85,4729.5325,4871.38,4644.465,False,False,True,False
2026-04-17 18:00:00,4846.53,4891.54,4834.915,4867.18,345698.0,4822.1940209143795,4810.250413874913,4769.935379701086,4773.564,4838.56,4772.575,4805.5675,4858.215,4600.85,4729.5325,4891.54,4644.465,False,False,True,False
2026-04-17 22:00:00,4867.15,4869.665,4830.79,4831.61,192426.0,4824.0772167315035,4812.498791361764,4772.353992261828,4777.1628,4838.56,4772.575,4805.5675,4858.215,4600.85,4729.5325,4891.54,4644.465,False,False,True,False
2026-04-20 02:00:00,4774.815,4794.97,4736.83,4772.815,112701.0,4813.824773385203,4808.32155016579,4772.372070996659,4779.4733,4891.54,4767.845,4829.6925,4891.54,4644.465,4768.0025000000005,4794.97,4736.83,True,False,False,False
2026-04-20 06:00:00,4772.8,4814.46,4771.44,4789.035,112443.0,4808.866818708163,4806.291386990444,4773.025519192869,4781.1578,4891.54,4767.845,4829.6925,4891.54,4644.465,4768.0025000000005,4814.46,4736.83,True,False,False,False
2026-04-20 10:00:00,4789.06,4805.795,4779.54,4796.395,142596.0,4806.372454966531,4805.249662044082,4773.9419694206,4780.731400000001,4891.54,4767.845,4829.6925,4891.54,4644.465,4768.0025000000005,4814.46,4736.83,True,False,False,False
2026-04-20 14:00:00,4796.355,4822.175,4783.72,4803.505,130829.0,4805.798963973225,4805.066013407863,4775.101303953126,4780.7312,4891.54,4767.845,4829.6925,4891.54,4644.465,4768.0025000000005,4822.175,4736.83,True,False,False,False
2026-04-20 18:00:00,4803.495,4827.695,4792.615,4805.55,282629.0,4805.749171178581,4805.11695936493,4776.295370464769,4780.9582,4891.54,4767.845,4829.6925,4891.54,4644.465,4768.0025000000005,4827.695,4736.83,True,False,False,False
2026-04-20 22:00:00,4805.645,4821.98,4803.9,4820.115,87226.0,4808.622336942864,4806.695700484411,4778.013787309288,4781.3652,4891.54,4767.845,4829.6925,4891.54,4644.465,4768.0025000000005,4827.695,4736.83,True,False,False,False
2026-04-21 02:00:00,4825.135,4833.405,4817.0,4823.895,56031.0,4811.676869554292,4808.506153064999,4779.813050552061,4782.6327,4827.695,4736.83,4782.2625,4891.54,4644.465,4768.0025000000005,4833.405,4736.83,False,False,False,True
2026-04-21 06:00:00,4823.9,4824.54,4788.87,4789.49,75325.0,4807.239495643434,4806.504452742368,4780.192538765706,4784.0433,4827.695,4736.83,4782.2625,4891.54,4644.465,4768.0025000000005,4833.405,4736.83,False,False,False,True
2026-04-21 10:00:00,4789.415,4797.145,4772.885,4786.09,123605.0,4803.0095965147475,4804.355562980013,4780.423811755286,4785.6214,4827.695,4736.83,4782.2625,4891.54,4644.465,4768.0025000000005,4833.405,4736.83,False,False,False,True
2026-04-21 14:00:00,4786.11,4798.03,4766.545,4778.98,120225.0,4798.203677211798,4801.68445108738,4780.3671916864505,4786.7826000000005,4827.695,4736.83,4782.2625,4891.54,4644.465,4768.0025000000005,4833.405,4736.83,False,False,False,True
2026-04-21 18:00:00,4778.97,4794.52,4708.375,4711.27,348275.0,4780.816941769439,4792.167140446602,4777.657497894825,4786.4846,4827.695,4736.83,4782.2625,4891.54,4644.465,4768.0025000000005,4833.405,4708.375,False,False,False,True
2026-04-21 22:00:00,4711.29,4722.28,4668.62,4720.685,322240.0,4768.790553415552,4784.642704610118,4775.423282291106,4785.9769,4827.695,4736.83,4782.2625,4891.54,4644.465,4768.0025000000005,4833.405,4668.62,False,False,False,True
2026-04-22 02:00:00,4726.085,4747.455,4715.78,4740.02,54738.0,4763.036442732441,4779.945577809053,4774.034918279691,4784.9955,4833.405,4668.62,4751.0125,4891.54,4644.465,4768.0025000000005,4833.405,4668.62,True,False,False,False
2026-04-22 06:00:00,4739.96,4765.035,4735.875,4754.665,88756.0,4761.362154185953,4777.284464355469,4773.275313641272,4784.7807,4833.405,4668.62,4751.0125,4891.54,4644.465,4768.0025000000005,4833.405,4668.62,True,False,False,False
2026-04-22 10:00:00,4754.715,4772.385,4751.98,4757.19,106539.0,4760.527723348762,4775.1692575812085,4772.644517027889,4784.6603000000005,4833.405,4668.62,4751.0125,4891.54,4644.465,4768.0025000000005,4833.405,4668.62,True,False,False,False
2026-04-22 14:00:00,4757.085,4762.595,4742.98,4744.54,99780.0,4757.33017867901,4771.945125204239,4771.542379105227,4784.3807,4833.405,4668.62,4751.0125,4891.54,4644.465,4768.0025000000005,4833.405,4668.62,True,False,False,False
2026-04-22 18:00:00,4744.555,4760.99,4723.995,4728.62,239153.0,4751.588142943208,4767.384585709056,4769.859148552081,4784.1336,4833.405,4668.62,4751.0125,4891.54,4644.465,4768.0025000000005,4833.405,4668.62,True,False,False,False
2026-04-22 22:00:00,4728.615,4750.2,4728.56,4740.455,112504.0,4749.361514354567,4764.549892476524,4768.706044687294,4783.5043,4833.405,4668.62,4751.0125,4891.54,4644.465,4768.0025000000005,4833.405,4668.62,True,False,False,False
2026-04-23 02:00:00,4741.96,4754.2,4694.135,4747.765,86322.0,4749.042211483654,4762.783061689522,4767.884827248577,4783.1828000000005,4772.385,4715.78,4744.0825,4891.54,4644.465,4768.0025000000005,4833.405,4668.62,False,True,False,False
2026-04-23 06:00:00,4747.755,4750.06,4698.26,4704.49,141836.0,4740.1317691869235,4756.64694993273,4765.39875559177,4782.2789,4772.385,4715.78,4744.0825,4891.54,4644.465,4768.0025000000005,4833.405,4668.62,False,True,False,False
2026-04-23 10:00:00,4704.55,4725.115,4692.485,4703.45,135158.0,4732.795415349539,4751.047270992443,4762.969392627388,4782.4352,4772.385,4715.78,4744.0825,4891.54,4644.465,4768.0025000000005,4833.405,4668.62,False,True,False,False
2026-04-23 14:00:00,4703.385,4743.2,4684.265,4740.125,166069.0,4734.2613322796315,4749.897558256396,4762.0735340929805,4782.7745,4772.385,4715.78,4744.0825,4891.54,4644.465,4768.0025000000005,4833.405,4668.62,False,True,False,False
2026-04-23 18:00:00,4740.115,4741.23,4715.76,4733.055,234635.0,4734.020065823705,4748.124657387302,4760.935552363844,4782.963,4772.385,4715.78,4744.0825,4891.54,4644.465,4768.0025000000005,4833.405,4668.62,False,True,False,False
2026-04-23 22:00:00,4733.095,4734.61,4664.38,4694.09,293125.0,4726.034052658964,4742.436798714954,4758.314158153498,4782.3752,4772.385,4715.78,4744.0825,4891.54,4644.465,4768.0025000000005,4833.405,4664.38,False,True,False,False
2026-04-24 02:00:00,4695.935,4708.175,4686.65,4704.69,66545.0,4721.765242127171,4738.463451481802,4756.211249990616,4781.8047,4754.2,4664.38,4709.29,4891.54,4644.465,4768.0025000000005,4833.405,4664.38,True,False,False,False
2026-04-24 06:00:00,4704.68,4711.23,4658.03,4674.485,138714.0,4712.309193701737,4731.728877641613,4753.006299010593,4780.4876,4754.2,4664.38,4709.29,4891.54,4644.465,4768.0025000000005,4833.405,4658.03,True,False,False,False
2026-04-24 10:00:00,4674.55,4697.55,4667.055,4690.915,106887.0,4708.03035496139,4727.432679995128,4750.571346108217,4778.9063,4754.2,4664.38,4709.29,4891.54,4644.465,4768.0025000000005,4833.405,4658.03,True,False,False,False
2026-04-24 14:00:00,4690.925,4717.44,4674.88,4700.64,167114.0,4706.552283969113,4724.612397890377,4748.613254103973,4777.4343,4754.2,4664.38,4709.29,4891.54,4644.465,4768.0025000000005,4833.405,4658.03,True,False,False,False
2026-04-24 18:00:00,4700.71,4740.57,4689.665,4726.98,279772.0,4710.63782717529,4724.861619165074,4747.764891197935,4776.2345,4754.2,4664.38,4709.29,4891.54,4644.465,4768.0025000000005,4833.405,4658.03,True,False,False,False
2026-04-24 22:00:00,4726.99,4730.16,4705.465,4709.75,116802.0,4710.460261740232,4723.270922410856,4746.274111150957,4774.9999,4754.2,4664.38,4709.29,4891.54,4644.465,4768.0025000000005,4833.405,4658.03,True,False,False,False
